-- phpMyAdmin SQL Dump
-- version 4.6.4
-- https://www.phpmyadmin.net/
--
-- Client :  127.0.0.1
-- Généré le :  Lun 05 Juin 2017 à 20:53
-- Version du serveur :  5.7.14
-- Version de PHP :  5.6.25

SET SQL_MODE = "NO_AUTO_VALUE_ON_ZERO";
SET time_zone = "+00:00";


/*!40101 SET @OLD_CHARACTER_SET_CLIENT=@@CHARACTER_SET_CLIENT */;
/*!40101 SET @OLD_CHARACTER_SET_RESULTS=@@CHARACTER_SET_RESULTS */;
/*!40101 SET @OLD_COLLATION_CONNECTION=@@COLLATION_CONNECTION */;
/*!40101 SET NAMES utf8mb4 */;

--
-- Base de données :  `gta5_gamemode_essential`
--

-- --------------------------------------------------------

--
-- Structure de la table `bans`
--

CREATE TABLE `bans` (
  `id` int(10) UNSIGNED NOT NULL,
  `banned` varchar(50) CHARACTER SET utf8mb4 NOT NULL DEFAULT '0',
  `banner` varchar(50) CHARACTER SET utf8mb4 NOT NULL,
  `reason` varchar(150) CHARACTER SET utf8mb4 NOT NULL DEFAULT '0',
  `expires` datetime NOT NULL,
  `timestamp` datetime NOT NULL
) ENGINE=InnoDB DEFAULT CHARSET=utf8;

-- --------------------------------------------------------

--
-- Structure de la table `coordinates`
--

CREATE TABLE `coordinates` (
  `identifier` varchar(30) CHARACTER SET utf8mb4 NOT NULL,
  `x` double DEFAULT NULL,
  `y` double DEFAULT NULL,
  `z` double DEFAULT NULL
) ENGINE=InnoDB DEFAULT CHARSET=utf8;

--
-- Contenu de la table `coordinates`
--

INSERT INTO `coordinates` (`identifier`, `x`, `y`, `z`) VALUES
('steam:110000100ec4dcf', 953.039794921875, -1925.443603515625, 31.086803436279297),
('steam:1100001010460cd', 412.2369689941406, -2502.98486328125, 13.095909118652344),
('steam:1100001010c774a', -838.0072631835938, -2302.569580078125, 17.06996726989746),
('steam:11000010192a854', -62.02304458618164, -1111.7841796875, 26.435819625854492),
('steam:110000101cb004f', 2529.46484375, 4957.5302734375, 44.56498718261719),
('steam:110000101ee14d5', -618.0253295898438, -134.34791564941406, 39.01010513305664),
('steam:110000102e20a4f', -1037.9270000000001, -2738.061, 20.169),
('steam:110000103bfa326', 710.7836303710938, -893.0979614257812, 23.480693817138672),
('steam:110000103bfaf06', 441.06365966796875, -1020.1702880859375, 28.658443450927734),
('steam:110000104f1c66e', 228.7373046875, -1368.4434814453125, 39.53437805175781),
('steam:1100001056f4ceb', -739.7656860351562, -899.658203125, 20.398149490356445),
('steam:110000105fcb1fa', 315.8529357910156, -271.6893615722656, 53.91509246826172),
('steam:110000106922d75', 1200.153076171875, -471.2913513183594, 65.68280792236328),
('steam:1100001069925d3', -1035.001708984375, -2738.624267578125, 20.169281005859375),
('steam:11000010734d63c', -1041.136962890625, -2731.532958984375, 20.16933822631836),
('steam:11000010769d50a', 297.600830078125, -1435.2635498046875, 29.80004119873047),
('steam:110000107a4ba7d', 2204.812744140625, 5576.74951171875, 53.786319732666016),
('steam:110000107c7c378', -79.32283020019531, -1720.291748046875, 28.969331741333008),
('steam:1100001092fb18d', 408.318115234375, -988.5241088867188, 28.912017822265625),
('steam:11000010979b57c', 476.9683837890625, -1024.8192138671875, 28.081275939941406),
('steam:110000109ea864c', 216.09542846679688, -791.4297485351562, 30.824142456054688),
('steam:11000010ad47830', -91.21048736572266, -1706.79638671875, 29.01331901550293),
('steam:11000010b1b1517', 307.5803527832031, -1433.3092041015625, 29.96660614013672),
('steam:11000010b1fc830', -1036.9151611328125, -2736.758544921875, 20.169281005859375),
('steam:11000010b32c6b8', 205.33404541015625, -803.3228149414062, 31.014816284179688),
('steam:11000010b39c496', -601.5512084960938, -116.22417449951172, 41.73486328125),
('steam:11000010cd038f9', 286.3590393066406, -1380.697509765625, 31.404518127441406),
('steam:11000010d576863', -1037.9270000000001, -2738.061, 20.169),
('steam:11000010d751e89', 262.5351257324219, -1427.2445068359375, 29.196800231933594),
('steam:11000010ddd362d', -1007.2540283203125, -2704.501953125, 13.301629066467285),
('steam:11000010ec832c8', -1037.9270000000001, -2738.061, 20.169),
('steam:11000010ee26de4', 403.1684265136719, -968.3284301757812, 29.419404983520508),
('steam:11000011085dcee', 2946.30517578125, 2792.89306640625, 40.06709671020508),
('steam:110000110c87bea', 208.98428344726562, -808.205322265625, 30.88199234008789),
('steam:110000111575f88', -1060.86962890625, -1915.3809814453125, 12.655990600585938),
('steam:110000113e790fe', -1037.5980224609375, -2729.684814453125, 20.167491912841797),
('steam:11000011616b76b', -600.800048828125, -118.73107147216797, 41.73481369018555),
('steam:1100001166186bc', -873.9856567382812, -2446.195068359375, 19.75761604309082),
('steam:110000116cbd18e', -6.7055583000183105, 30.108823776245117, 71.29737854003906),
('steam:110000117b910f8', -1096.1998291015625, -1173.0152587890625, 3.462366819381714),
('steam:110000118640510', -1037.9270000000001, -2738.061, 20.169),
('steam:110000118de779d', -1037.9270000000001, -2738.061, 20.169),
('steam:110000119633bb2', -1037.9268798828125, -2738.060791015625, 20.169281005859375),
('steam:11000011992c33e', -3.870086908340454, -948.8763427734375, 28.72899627685547),
('steam:1100001199ed8ff', 297.6071472167969, -1430.20849609375, 29.804107666015625);

-- --------------------------------------------------------

--
-- Structure de la table `items`
--

CREATE TABLE `items` (
  `id` int(11) UNSIGNED NOT NULL,
  `libelle` varchar(50) CHARACTER SET utf8mb4 DEFAULT NULL,
  `value` int(11) NOT NULL DEFAULT '0',
  `type` int(11) NOT NULL DEFAULT '0'
) ENGINE=InnoDB DEFAULT CHARSET=utf8;

--
-- Contenu de la table `items`
--

INSERT INTO `items` (`id`, `libelle`, `value`, `type`) VALUES
(1, 'Bouteille d\'eau', 20, 1),
(2, 'Sandwich', 20, 2),
(3, 'Filet Mignon', 20, 2),
(4, 'Cannabis', 0, 0),
(5, 'Cannabis roulé', 0, 0),
(6, 'Feuille Coka', 0, 0),
(7, 'Coka', 0, 0),
(8, 'Coka', 0, 0),
(9, 'Ephedrine ', 0, 0),
(10, 'Matière illégale', 0, 0),
(11, 'Matière illégale', 0, 0),
(12, 'Meth', 0, 0),
(13, 'Organe', 0, 0),
(14, 'Organe emballé', 0, 0),
(15, 'Organe analysé', 0, 0),
(16, 'Organe livrable', 0, 0),
(17, 'Cuivre', 0, 0),
(18, 'Fer', 0, 0),
(19, 'Diamants', 0, 0),
(20, 'Cuivre traité', 0, 0),
(21, 'Fer traité', 0, 0),
(22, 'Diamants traité', 0, 0),
(23, 'Roche', 0, 0),
(24, 'Roche traitée', 0, 0),
(25, 'Poisson', 5, 2),
(26, 'Corps', 0, 0),
(27, 'Corps traité', 0, 0);

-- --------------------------------------------------------

--
-- Structure de la table `jobs`
--

CREATE TABLE `jobs` (
  `job_id` int(11) NOT NULL,
  `job_name` varchar(40) CHARACTER SET utf8mb4 NOT NULL,
  `salary` int(11) NOT NULL DEFAULT '500'
) ENGINE=InnoDB DEFAULT CHARSET=utf8;

--
-- Contenu de la table `jobs`
--

INSERT INTO `jobs` (`job_id`, `job_name`, `salary`) VALUES
(1, 'Sans Emploi', 0),
(2, 'Nettoyeur de piscines', 0),
(3, 'Éboueur', 0),
(4, 'Mineur', 0),
(5, 'Chauffeur de taxi', 500),
(6, 'Livreur de bois', 0),
(7, 'Livreur de citerne', 0),
(8, 'Livreur de conteneur', 0),
(9, 'Livreur de médicaments', 0),
(10, 'Policier', 0),
(11, 'Fossoyeur', 0),
(12, 'Préposé à la morgue', 0),
(13, 'Ambulancier', 500);

-- --------------------------------------------------------

--
-- Structure de la table `outfits`
--

CREATE TABLE `outfits` (
  `identifier` varchar(30) CHARACTER SET utf8mb4 NOT NULL,
  `skin` varchar(30) CHARACTER SET utf8mb4 NOT NULL DEFAULT 'mp_m_freemode_01',
  `face` int(11) NOT NULL DEFAULT '0',
  `face_text` int(11) NOT NULL DEFAULT '0',
  `hair` int(11) NOT NULL DEFAULT '0',
  `hair_text` int(11) NOT NULL DEFAULT '0',
  `pants` int(11) NOT NULL DEFAULT '0',
  `pants_text` int(11) NOT NULL DEFAULT '0',
  `shoes` int(11) NOT NULL DEFAULT '0',
  `shoes_text` int(11) NOT NULL DEFAULT '0',
  `torso` int(11) NOT NULL DEFAULT '0',
  `torso_text` int(11) NOT NULL DEFAULT '0',
  `shirt` int(11) NOT NULL DEFAULT '0',
  `shirt_text` int(11) NOT NULL DEFAULT '0',
  `three` int(11) NOT NULL DEFAULT '0',
  `three_text` int(11) NOT NULL DEFAULT '0',
  `seven` int(11) NOT NULL DEFAULT '0',
  `seven_text` int(11) NOT NULL DEFAULT '0'
) ENGINE=MyISAM DEFAULT CHARSET=latin1;

--
-- Contenu de la table `outfits`
--

INSERT INTO `outfits` (`identifier`, `skin`, `face`, `face_text`, `hair`, `hair_text`, `pants`, `pants_text`, `shoes`, `shoes_text`, `torso`, `torso_text`, `shirt`, `shirt_text`, `three`, `three_text`, `seven`, `seven_text`) VALUES
('steam:110000106922d75', 'mp_m_freemode_01', 44, 0, 18, 0, 4, 4, 4, 1, 38, 0, 15, 0, 8, 0, 0, 0),
('steam:11000010d751e89', 'mp_m_freemode_01', 0, 0, 4, 2, 6, 10, 16, 6, 44, 0, 15, 0, 0, 0, 0, 0),
('steam:1100001092fb18d', 'mp_m_freemode_01', 44, 0, 2, 3, 37, 2, 9, 0, 28, 0, 28, 1, 4, 0, 10, 1),
('steam:1100001092fb18d', 'mp_m_freemode_01', 44, 0, 2, 3, 37, 2, 9, 0, 28, 0, 28, 1, 4, 0, 10, 1),
('steam:110000117b910f8', 'mp_m_freemode_01', 6, 0, 6, 2, 10, 0, 10, 0, 115, 0, 72, 4, 33, 0, 0, 0),
('steam:11000010ddd362d', 'mp_m_freemode_01', 0, 0, 19, 0, 1, 14, 1, 4, 41, 0, 15, 0, 12, 0, 0, 0),
('steam:11000010ad47830', 'mp_m_freemode_01', 44, 0, 11, 3, 42, 0, 31, 2, 83, 3, 15, 0, 11, 0, 0, 0),
('steam:110000116cbd18e', 'mp_m_freemode_01', 0, 0, 1, 0, 1, 15, 7, 0, 0, 2, 0, 2, 0, 0, 17, 0),
('steam:110000103bfa326', 'mp_m_freemode_01', 0, 0, 3, 0, 27, 5, 22, 10, 39, 0, 15, 0, 0, 0, 0, 0),
('steam:1100001010460cd', 'mp_m_freemode_01', 4, 0, 1, 1, 0, 4, 22, 5, 62, 0, 23, 2, 4, 0, 114, 0),
('steam:1100001056f4ceb', 'mp_m_freemode_01', 0, 0, 2, 0, 24, 1, 18, 0, 31, 1, 33, 1, 33, 0, 27, 2),
('steam:110000105fcb1fa', 'mp_m_freemode_01', 17, 0, 2, 0, 1, 15, 7, 0, 0, 2, 0, 2, 0, 0, 17, 0),
('steam:110000104f1c66e', 'mp_m_freemode_01', 0, 0, 11, 0, 4, 0, 0, 10, 4, 2, 0, 1, 1, 0, 0, 0),
('steam:11000010769d50a', 'mp_m_freemode_01', 4, 0, 3, 1, 15, 9, 12, 12, 0, 2, 2, 0, 0, 0, 17, 0),
('steam:11000011616b76b', 'mp_m_freemode_01', 1, 0, 5, 4, 26, 2, 23, 0, 38, 1, 15, 0, 8, 0, 0, 0),
('steam:110000100ec4dcf', 'mp_m_freemode_01', 0, 0, 2, 2, 7, 4, 9, 0, 7, 0, 0, 2, 1, 0, 0, 0),
('steam:11000010b32c6b8', 'mp_m_freemode_01', 0, 0, 19, 0, 7, 0, 0, 10, 0, 8, 15, 0, 0, 0, 0, 0),
('steam:110000103bfaf06', 'mp_m_freemode_01', 4, 0, 6, 4, 7, 4, 7, 1, 7, 5, 0, 7, 1, 0, 0, 0),
('steam:11000010ee26de4', 'mp_m_freemode_01', 0, 0, 2, 0, 1, 14, 1, 4, 41, 0, 15, 0, 12, 0, 0, 0),
('steam:1100001069925d3', 'mp_m_freemode_01', 0, 0, 0, 0, 4, 0, 0, 10, 4, 2, 0, 1, 1, 0, 0, 0),
('steam:110000101cb004f', 'mp_m_freemode_01', 1, 0, 1, 4, 60, 7, 23, 2, 72, 2, 10, 7, 4, 0, 10, 2),
('steam:1100001010c774a', 'mp_m_freemode_01', 3, 0, 1, 0, 7, 4, 12, 4, 5, 0, 15, 0, 5, 0, 17, 0),
('steam:11000011085dcee', 'mp_m_freemode_01', 0, 0, 1, 0, 46, 1, 35, 0, 97, 1, 15, 0, 52, 0, 0, 0),
('steam:11000010cd038f9', 'mp_m_freemode_01', 0, 0, -1, -1, 59, 9, 24, 0, 61, 3, 15, 0, 100, 9, 0, 0),
('steam:11000010ec832c8', 'mp_m_freemode_01', 0, 0, -1, -1, 24, 5, 18, 0, 29, 5, 31, 0, 12, 0, 29, 2),
('steam:11000010d576863', 'mp_m_freemode_01', 0, 0, -1, -1, 24, 5, 18, 0, 29, 5, 31, 0, 12, 0, 29, 2),
('steam:110000118de779d', 'mp_m_freemode_01', 0, 0, -1, -1, 24, 5, 18, 0, 29, 5, 31, 0, 12, 0, 29, 2),
('steam:110000118640510', 'mp_m_freemode_01', 0, 0, -1, -1, 24, 5, 18, 0, 29, 5, 31, 0, 12, 0, 29, 2),
('steam:11000010979b57c', 'mp_m_freemode_01', 9, 0, 0, 0, 7, 1, 43, 0, 124, 0, 24, 0, 4, 0, 0, 0),
('steam:110000109ea864c', 'mp_m_freemode_01', 0, 0, 19, 1, 31, 0, 27, 0, 64, 0, 2, 2, 22, 0, 0, 0),
('steam:110000110c87bea', 'mp_m_freemode_01', 16, 0, 20, 2, 60, 4, 40, 4, 119, 4, 21, 0, 4, 0, 24, 1),
('steam:110000113e790fe', 'mp_m_freemode_01', 0, 0, -1, -1, 1, 15, 7, 0, 0, 2, 0, 2, 0, 0, 17, 0),
('steam:110000107c7c378', 'mp_m_freemode_01', 0, 0, 0, 0, 26, 0, 22, 3, 38, 4, 15, 0, 8, 0, 30, 3),
('steam:1100001199ed8ff', 'mp_m_freemode_01', 0, 0, 2, 0, 1, 14, 1, 4, 41, 0, 15, 0, 12, 0, 0, 0),
('steam:110000119633bb2', 'mp_m_freemode_01', 0, 0, -1, -1, 24, 5, 18, 0, 29, 5, 31, 0, 12, 0, 29, 2),
('steam:11000010b1fc830', 'mp_m_freemode_01', 0, 0, 0, 0, 1, 15, 7, 0, 0, 2, 0, 2, 0, 0, 17, 0),
('steam:11000010734d63c', 'mp_m_freemode_01', 0, 0, -1, -1, 24, 5, 18, 0, 29, 5, 31, 0, 12, 0, 29, 2),
('steam:110000101ee14d5', 'mp_m_freemode_01', 0, 0, 0, 0, 1, 14, 1, 4, 41, 0, 15, 0, 12, 0, 0, 0),
('steam:1100001166186bc', 'mp_m_freemode_01', 0, 0, 0, 0, 7, 4, 7, 1, 7, 5, 0, 7, 1, 0, 0, 0),
('steam:11000010b39c496', 'mp_m_freemode_01', 44, 0, 21, 4, 7, 4, 9, 0, 7, 0, 0, 2, 1, 0, 0, 0),
('steam:11000011992c33e', 'mp_m_freemode_01', 0, 0, 0, 0, 1, 15, 7, 0, 0, 2, 0, 2, 0, 0, 17, 0),
('steam:11000010192a854', 'mp_m_freemode_01', 1, 0, 2, 0, 33, 0, 24, 0, 0, 2, 15, 0, 0, 0, 0, 0),
('steam:110000111575f88', 'mp_m_freemode_01', 0, 0, 6, 0, 4, 0, 0, 10, 4, 2, 0, 1, 1, 0, 0, 0),
('steam:11000010b1b1517', 'mp_m_freemode_01', 0, 0, 0, 0, 4, 0, 0, 10, 4, 2, 0, 1, 1, 0, 0, 0),
('steam:110000107a4ba7d', 'mp_m_freemode_01', 0, 0, 1, 0, 27, 4, 1, 9, 22, 0, 15, 0, 0, 0, 0, 0),
('steam:110000102e20a4f', 'mp_m_freemode_01', 44, 0, 10, 3, 4, 0, 0, 10, 4, 2, 0, 1, 1, 0, 0, 0),
('steam:11000010d751e89', 'mp_m_freemode_01', 0, 0, 4, 2, 6, 10, 16, 6, 44, 0, 15, 0, 0, 0, 0, 0);

-- --------------------------------------------------------

--
-- Structure de la table `phonebook`
--

CREATE TABLE `phonebook` (
  `id` int(11) NOT NULL,
  `pidentifier` varchar(30) CHARACTER SET utf8mb4 DEFAULT '',
  `phonenumber` varchar(30) CHARACTER SET utf8mb4 DEFAULT ''
) ENGINE=MyISAM DEFAULT CHARSET=latin1;

--
-- Contenu de la table `phonebook`
--

INSERT INTO `phonebook` (`id`, `pidentifier`, `phonenumber`) VALUES
(5, 'steam:1100001010460cd', '064-0101'),
(6, 'steam:110000100ec4dcf', '400-1000'),
(7, 'steam:1100001056f4ceb', '150-1000'),
(8, 'steam:110000105fcb1fa', '465-0100'),
(9, 'steam:1100001092fb18d', '572-2960'),
(10, 'steam:1100001092fb18d', '981-5701'),
(11, 'steam:1100001092fb18d', '801-9711'),
(12, 'steam:1100001092fb18d', '862-3010'),
(13, 'steam:1100001092fb18d', '400-1010'),
(14, 'steam:11000010769d50a', '468-9010'),
(15, 'steam:110000109ea864c', '059-6701'),
(16, 'steam:110000101cb004f', '059-6701'),
(17, 'steam:110000109ea864c', '400-1010'),
(18, 'steam:11000010769d50a', '400-1010'),
(19, 'steam:1100001092fb18d', '059-6701'),
(20, 'steam:110000101cb004f', '759-7901');

-- --------------------------------------------------------

--
-- Structure de la table `police`
--

CREATE TABLE `police` (
  `police_id` int(11) NOT NULL,
  `police_name` varchar(40) CHARACTER SET utf8mb4 NOT NULL,
  `salary` int(11) NOT NULL DEFAULT '500'
) ENGINE=InnoDB DEFAULT CHARSET=utf8;

--
-- Contenu de la table `police`
--

INSERT INTO `police` (`police_id`, `police_name`, `salary`) VALUES
(1, 'Cadet', 250),
(2, 'Brigadier', 750),
(3, 'Sergent', 1500),
(4, 'Lieutenant', 1700),
(5, 'Capitaine', 2000),
(6, 'Commandant', 2300),
(7, 'Colonel', 2500),
(8, 'Rien', 0);

-- --------------------------------------------------------

--
-- Structure de la table `users`
--

CREATE TABLE `users` (
  `ID` int(11) NOT NULL,
  `identifier` varchar(30) CHARACTER SET utf8mb4 NOT NULL DEFAULT '',
  `group` varchar(50) CHARACTER SET utf8mb4 NOT NULL DEFAULT '0',
  `permission_level` int(11) NOT NULL DEFAULT '0',
  `money` double NOT NULL DEFAULT '0',
  `bankbalance` int(32) DEFAULT '0',
  `job` int(11) DEFAULT '1',
  `police` int(11) DEFAULT '0',
  `enService` int(11) DEFAULT '0',
  `dirtymoney` double(11,0) NOT NULL DEFAULT '0',
  `isFirstConnection` int(11) DEFAULT '1',
  `nom` varchar(30) CHARACTER SET utf8mb4 NOT NULL DEFAULT '',
  `prenom` varchar(30) CHARACTER SET utf8mb4 NOT NULL DEFAULT '',
  `telephone` varchar(30) CHARACTER SET utf8mb4 NOT NULL DEFAULT ''
) ENGINE=InnoDB DEFAULT CHARSET=utf8;

--
-- Contenu de la table `users`
--

INSERT INTO `users` (`ID`, `identifier`, `group`, `permission_level`, `money`, `bankbalance`, `job`, `police`, `enService`, `dirtymoney`, `isFirstConnection`, `nom`, `prenom`, `telephone`) VALUES
(77, 'steam:110000106922d75', 'user', 0, 0, 0, 6, 7, 0, 0, 1, 'Hamilton', 'Bryan', '572-2960'),
(80, 'steam:1100001092fb18d', 'user', 0, 26690, 182050, 10, 7, 0, 0, 1, 'Romuald', 'VanRock', '812-9010'),
(81, 'steam:110000117b910f8', 'user', 0, 1500, 0, 11, 0, 0, 0, 1, 'Citizen', 'Citizen', '801-9711'),
(82, 'steam:11000010ddd362d', 'user', 0, 2000, 0, 1, 0, 0, 0, 1, 'Christophe', 'Gaspar', '263-0100'),
(83, 'steam:110000116cbd18e', 'user', 0, 2000, 0, 1, 0, 0, 0, 1, 'Max', 'Smith', '816-1100'),
(84, 'steam:110000103bfa326', 'user', 0, 2000, 0, 1, 0, 0, 0, 1, 'Kris', 'Prolls', '623-3010'),
(85, 'steam:1100001010460cd', 'user', 0, 3980, 0, 2, 0, 0, 0, 1, 'Arthus', 'Milera', '064-0101'),
(86, 'steam:1100001056f4ceb', 'user', 0, 0, 30233, 2, 0, 0, 0, 1, 'Citizen', 'Citizen', '465-0100'),
(87, 'steam:110000105fcb1fa', 'user', 0, 0, 46444, 2, 0, 0, 0, 1, 'Jack', 'Santana', '150-1000'),
(88, 'steam:110000104f1c66e', 'user', 0, 3500, 0, 11, 0, 0, 0, 1, 'Sam', 'Flynn', '661-4010'),
(89, 'steam:11000010769d50a', 'user', 0, 0, 550926, 4, 0, 0, 0, 1, 'Peter', 'COLAD', '059-6701'),
(90, 'steam:11000010ad47830', 'user', 0, 2000, 0, 1, 0, 0, 0, 1, 'Adrien', 'Lareto', '038-7401'),
(91, 'steam:11000011616b76b', 'user', 0, 2000, 0, 1, 0, 0, 0, 1, 'Stanislas', 'Polinsky', '676-1611'),
(92, 'steam:110000100ec4dcf', 'user', 0, 1800, 0, 1, 0, 0, 0, 1, 'Irtas', 'Momaki', '400-1000'),
(93, 'steam:11000010b32c6b8', 'user', 0, 105072, 0, 4, 0, 0, 0, 1, 'Marco', 'Ditchi', '862-3010'),
(94, 'steam:110000103bfaf06', 'user', 0, 2000, 0, 11, 0, 0, 0, 1, 'Tonio', 'Tempura', '603-0100'),
(95, 'steam:11000010ee26de4', 'user', 0, 3000, 0, 11, 0, 0, 0, 1, 'Mark', 'Anders', '462-0100'),
(96, 'steam:1100001069925d3', 'user', 0, 2000, 0, 1, 0, 0, 0, 1, 'Arthur', 'Belfort', '352-9960'),
(97, 'steam:110000101cb004f', 'user', 0, 5404, 133875, 4, 0, 0, 0, 1, 'Moktar', 'ElBarrawi', '400-1010'),
(98, 'steam:1100001010c774a', 'user', 0, 2000, 0, 1, 0, 0, 0, 1, 'Jamal', 'Almas', '477-0101'),
(99, 'steam:11000011085dcee', 'user', 0, 5000, 0, 4, 0, 0, 0, 1, 'Verdnasky', 'Alkatraz', '580-1100'),
(100, 'steam:11000010cd038f9', 'user', 0, 0, 0, 4, 0, 0, 0, 1, 'Citizen', 'Citizen', '983-0010'),
(104, 'steam:110000118640510', 'user', 0, 2000, 0, 1, 0, 0, 0, 1, 'Citizen', 'Citizen', '015-0468'),
(105, 'steam:11000010979b57c', 'user', 0, 8628, 31000, 4, 0, 0, 0, 1, 'Lucius', 'Freeman', '759-7901'),
(106, 'steam:110000109ea864c', 'user', 0, 28470, 436980, 4, 0, 0, 0, 1, 'Jeff', 'Gibson', '468-9010'),
(107, 'steam:110000110c87bea', 'user', 0, 5471, 92000, 11, 0, 0, 0, 1, 'Jeremy', 'Dynamo', '780-1100'),
(108, 'steam:110000113e790fe', 'user', 0, 2000, 0, 1, 0, 0, 0, 1, 'Hans', 'Mezanger', '097-3110'),
(109, 'steam:110000107c7c378', 'user', 0, 2000, 0, 1, 0, 0, 0, 1, 'Pol', 'Magnus', '873-7701'),
(110, 'steam:1100001199ed8ff', 'user', 0, 0, 21050, 9, 0, 0, 0, 1, 'Lilian', 'Cornu', '899-1100'),
(111, 'steam:110000119633bb2', 'user', 0, 2000, 0, 1, 0, 0, 0, 1, 'Citizen', 'Citizen', '233-6911'),
(112, 'steam:11000010b1fc830', 'user', 0, 2000, 0, 1, 0, 0, 0, 1, 'ezfezfz', 'zfzf', '038-1010'),
(113, 'steam:11000010734d63c', 'user', 0, 2000, 0, 1, 0, 0, 0, 1, 'Citizen', 'Citizen', '364-3701'),
(114, 'steam:110000101ee14d5', 'user', 0, 3103, 62500, 4, 0, 0, 0, 1, 'Carlos', 'Sanchez', '541-1010'),
(115, 'steam:1100001166186bc', 'user', 0, 4736, 0, 1, 0, 0, 0, 1, 'elm', 'yassine', '681-6611'),
(116, 'steam:11000010b39c496', 'user', 0, 4675, 0, 1, 0, 0, 0, 1, 'Max', 'Pain', '694-9301'),
(117, 'steam:11000011992c33e', 'user', 0, 14747, 30248, 9, 0, 0, 0, 1, 'marc', 'Lebask', '332-9911'),
(118, 'steam:11000010192a854', 'user', 0, 16013, 28000, 9, 0, 0, 0, 1, 'Falco', 'Rezinger', '458-2910'),
(119, 'steam:110000111575f88', 'user', 0, 2000, 0, 1, 0, 0, 0, 1, 'Yan', 'Marques', '885-7511'),
(120, 'steam:11000010b1b1517', 'user', 0, 0, 7332, 6, 0, 0, 0, 1, 'Stross', 'Aiden', '715-1101'),
(121, 'steam:110000107a4ba7d', 'user', 0, 2000, 0, 1, 0, 0, 0, 1, 'Samy', 'Merguez', '747-0100'),
(122, 'steam:110000102e20a4f', 'user', 0, 2000, 0, 12, 0, 0, 0, 1, 'Ray', 'McCoy', '402-2010'),
(123, 'steam:11000010d751e89', 'user', 0, 0, 0, 1, 0, 0, 0, 1, 'Pellono', 'Jean', '981-5701');

-- --------------------------------------------------------

--
-- Structure de la table `user_inventory`
--

CREATE TABLE `user_inventory` (
  `user_id` varchar(30) CHARACTER SET utf8mb4 NOT NULL DEFAULT '',
  `item_id` int(11) UNSIGNED NOT NULL,
  `quantity` int(11) DEFAULT NULL
) ENGINE=InnoDB DEFAULT CHARSET=utf8;

--
-- Contenu de la table `user_inventory`
--

INSERT INTO `user_inventory` (`user_id`, `item_id`, `quantity`) VALUES
('steam:110000100ec4dcf', 1, 3),
('steam:110000100ec4dcf', 2, 2),
('steam:110000100ec4dcf', 3, 0),
('steam:110000100ec4dcf', 4, 0),
('steam:110000100ec4dcf', 5, 0),
('steam:110000100ec4dcf', 6, 0),
('steam:110000100ec4dcf', 7, 0),
('steam:110000100ec4dcf', 8, 0),
('steam:110000100ec4dcf', 9, 0),
('steam:110000100ec4dcf', 10, 0),
('steam:110000100ec4dcf', 11, 0),
('steam:110000100ec4dcf', 12, 0),
('steam:110000100ec4dcf', 13, 0),
('steam:110000100ec4dcf', 14, 0),
('steam:110000100ec4dcf', 15, 0),
('steam:110000100ec4dcf', 16, 0),
('steam:110000100ec4dcf', 17, 0),
('steam:110000100ec4dcf', 18, 0),
('steam:110000100ec4dcf', 19, 0),
('steam:110000100ec4dcf', 20, 0),
('steam:110000100ec4dcf', 21, 0),
('steam:110000100ec4dcf', 22, 0),
('steam:110000100ec4dcf', 23, 0),
('steam:110000100ec4dcf', 24, 0),
('steam:110000100ec4dcf', 25, 0),
('steam:110000100ec4dcf', 26, 0),
('steam:110000100ec4dcf', 27, 0),
('steam:1100001010460cd', 1, 2),
('steam:1100001010460cd', 2, 2),
('steam:1100001010460cd', 3, 0),
('steam:1100001010460cd', 4, 0),
('steam:1100001010460cd', 5, 0),
('steam:1100001010460cd', 6, 0),
('steam:1100001010460cd', 7, 0),
('steam:1100001010460cd', 8, 0),
('steam:1100001010460cd', 9, 0),
('steam:1100001010460cd', 10, 0),
('steam:1100001010460cd', 11, 0),
('steam:1100001010460cd', 12, 0),
('steam:1100001010460cd', 13, 0),
('steam:1100001010460cd', 14, 0),
('steam:1100001010460cd', 15, 0),
('steam:1100001010460cd', 16, 0),
('steam:1100001010460cd', 17, 0),
('steam:1100001010460cd', 18, 0),
('steam:1100001010460cd', 19, 0),
('steam:1100001010460cd', 20, 0),
('steam:1100001010460cd', 21, 0),
('steam:1100001010460cd', 22, 0),
('steam:1100001010460cd', 23, 0),
('steam:1100001010460cd', 24, 0),
('steam:1100001010460cd', 25, 0),
('steam:1100001010460cd', 26, 0),
('steam:1100001010460cd', 27, 0),
('steam:1100001010c774a', 1, 0),
('steam:1100001010c774a', 2, 0),
('steam:1100001010c774a', 3, 0),
('steam:1100001010c774a', 4, 0),
('steam:1100001010c774a', 5, 0),
('steam:1100001010c774a', 6, 0),
('steam:1100001010c774a', 7, 0),
('steam:1100001010c774a', 8, 0),
('steam:1100001010c774a', 9, 0),
('steam:1100001010c774a', 10, 0),
('steam:1100001010c774a', 11, 0),
('steam:1100001010c774a', 12, 0),
('steam:1100001010c774a', 13, 0),
('steam:1100001010c774a', 14, 0),
('steam:1100001010c774a', 15, 0),
('steam:1100001010c774a', 16, 0),
('steam:1100001010c774a', 17, 0),
('steam:1100001010c774a', 18, 0),
('steam:1100001010c774a', 19, 0),
('steam:1100001010c774a', 20, 0),
('steam:1100001010c774a', 21, 0),
('steam:1100001010c774a', 22, 0),
('steam:1100001010c774a', 23, 0),
('steam:1100001010c774a', 24, 0),
('steam:1100001010c774a', 25, 0),
('steam:1100001010c774a', 26, 0),
('steam:1100001010c774a', 27, 0),
('steam:11000010192a854', 1, 0),
('steam:11000010192a854', 2, 5),
('steam:11000010192a854', 3, 0),
('steam:11000010192a854', 4, 0),
('steam:11000010192a854', 5, 0),
('steam:11000010192a854', 6, 0),
('steam:11000010192a854', 7, 0),
('steam:11000010192a854', 8, 0),
('steam:11000010192a854', 9, 0),
('steam:11000010192a854', 10, 0),
('steam:11000010192a854', 11, 0),
('steam:11000010192a854', 12, 0),
('steam:11000010192a854', 13, 0),
('steam:11000010192a854', 14, 0),
('steam:11000010192a854', 15, 0),
('steam:11000010192a854', 16, 0),
('steam:11000010192a854', 17, 0),
('steam:11000010192a854', 18, 0),
('steam:11000010192a854', 19, 0),
('steam:11000010192a854', 20, 0),
('steam:11000010192a854', 21, 0),
('steam:11000010192a854', 22, 0),
('steam:11000010192a854', 23, 0),
('steam:11000010192a854', 24, 0),
('steam:11000010192a854', 25, 0),
('steam:11000010192a854', 26, 0),
('steam:11000010192a854', 27, 0),
('steam:110000101cb004f', 1, 0),
('steam:110000101cb004f', 2, 0),
('steam:110000101cb004f', 3, 0),
('steam:110000101cb004f', 4, 0),
('steam:110000101cb004f', 5, 0),
('steam:110000101cb004f', 6, 0),
('steam:110000101cb004f', 7, 0),
('steam:110000101cb004f', 8, 0),
('steam:110000101cb004f', 9, 0),
('steam:110000101cb004f', 10, 0),
('steam:110000101cb004f', 11, 0),
('steam:110000101cb004f', 12, 0),
('steam:110000101cb004f', 13, 0),
('steam:110000101cb004f', 14, 0),
('steam:110000101cb004f', 15, 0),
('steam:110000101cb004f', 16, 0),
('steam:110000101cb004f', 17, 0),
('steam:110000101cb004f', 18, 0),
('steam:110000101cb004f', 19, 0),
('steam:110000101cb004f', 20, 0),
('steam:110000101cb004f', 21, 0),
('steam:110000101cb004f', 22, 0),
('steam:110000101cb004f', 23, 0),
('steam:110000101cb004f', 24, 0),
('steam:110000101cb004f', 25, 0),
('steam:110000101cb004f', 26, 0),
('steam:110000101cb004f', 27, 0),
('steam:110000101ee14d5', 1, 13),
('steam:110000101ee14d5', 2, 11),
('steam:110000101ee14d5', 3, 0),
('steam:110000101ee14d5', 4, 0),
('steam:110000101ee14d5', 5, 0),
('steam:110000101ee14d5', 6, 0),
('steam:110000101ee14d5', 7, 0),
('steam:110000101ee14d5', 8, 0),
('steam:110000101ee14d5', 9, 0),
('steam:110000101ee14d5', 10, 0),
('steam:110000101ee14d5', 11, 0),
('steam:110000101ee14d5', 12, 0),
('steam:110000101ee14d5', 13, 0),
('steam:110000101ee14d5', 14, 0),
('steam:110000101ee14d5', 15, 0),
('steam:110000101ee14d5', 16, 0),
('steam:110000101ee14d5', 17, 0),
('steam:110000101ee14d5', 18, 0),
('steam:110000101ee14d5', 19, 0),
('steam:110000101ee14d5', 20, 0),
('steam:110000101ee14d5', 21, 0),
('steam:110000101ee14d5', 22, 0),
('steam:110000101ee14d5', 23, 0),
('steam:110000101ee14d5', 24, 0),
('steam:110000101ee14d5', 25, 0),
('steam:110000101ee14d5', 26, 1),
('steam:110000101ee14d5', 27, 0),
('steam:110000102e20a4f', 1, 0),
('steam:110000102e20a4f', 2, 0),
('steam:110000102e20a4f', 3, 0),
('steam:110000102e20a4f', 4, 0),
('steam:110000102e20a4f', 5, 0),
('steam:110000102e20a4f', 6, 0),
('steam:110000102e20a4f', 7, 0),
('steam:110000102e20a4f', 8, 0),
('steam:110000102e20a4f', 9, 0),
('steam:110000102e20a4f', 10, 0),
('steam:110000102e20a4f', 11, 0),
('steam:110000102e20a4f', 12, 0),
('steam:110000102e20a4f', 13, 0),
('steam:110000102e20a4f', 14, 0),
('steam:110000102e20a4f', 15, 0),
('steam:110000102e20a4f', 16, 0),
('steam:110000102e20a4f', 17, 0),
('steam:110000102e20a4f', 18, 0),
('steam:110000102e20a4f', 19, 0),
('steam:110000102e20a4f', 20, 0),
('steam:110000102e20a4f', 21, 0),
('steam:110000102e20a4f', 22, 0),
('steam:110000102e20a4f', 23, 0),
('steam:110000102e20a4f', 24, 0),
('steam:110000102e20a4f', 25, 0),
('steam:110000102e20a4f', 26, 0),
('steam:110000102e20a4f', 27, 0),
('steam:110000103bfa326', 1, 0),
('steam:110000103bfa326', 2, 0),
('steam:110000103bfa326', 3, 0),
('steam:110000103bfa326', 4, 0),
('steam:110000103bfa326', 5, 0),
('steam:110000103bfa326', 6, 0),
('steam:110000103bfa326', 7, 0),
('steam:110000103bfa326', 8, 0),
('steam:110000103bfa326', 9, 0),
('steam:110000103bfa326', 10, 0),
('steam:110000103bfa326', 11, 0),
('steam:110000103bfa326', 12, 0),
('steam:110000103bfa326', 13, 0),
('steam:110000103bfa326', 14, 0),
('steam:110000103bfa326', 15, 0),
('steam:110000103bfa326', 16, 0),
('steam:110000103bfa326', 17, 0),
('steam:110000103bfa326', 18, 0),
('steam:110000103bfa326', 19, 0),
('steam:110000103bfa326', 20, 0),
('steam:110000103bfa326', 21, 0),
('steam:110000103bfa326', 22, 0),
('steam:110000103bfa326', 23, 0),
('steam:110000103bfa326', 24, 0),
('steam:110000103bfa326', 25, 0),
('steam:110000103bfa326', 26, 0),
('steam:110000103bfa326', 27, 0),
('steam:110000103bfaf06', 1, 0),
('steam:110000103bfaf06', 2, 0),
('steam:110000103bfaf06', 3, 0),
('steam:110000103bfaf06', 4, 0),
('steam:110000103bfaf06', 5, 0),
('steam:110000103bfaf06', 6, 0),
('steam:110000103bfaf06', 7, 0),
('steam:110000103bfaf06', 8, 0),
('steam:110000103bfaf06', 9, 0),
('steam:110000103bfaf06', 10, 0),
('steam:110000103bfaf06', 11, 0),
('steam:110000103bfaf06', 12, 0),
('steam:110000103bfaf06', 13, 0),
('steam:110000103bfaf06', 14, 0),
('steam:110000103bfaf06', 15, 0),
('steam:110000103bfaf06', 16, 0),
('steam:110000103bfaf06', 17, 0),
('steam:110000103bfaf06', 18, 0),
('steam:110000103bfaf06', 19, 0),
('steam:110000103bfaf06', 20, 0),
('steam:110000103bfaf06', 21, 0),
('steam:110000103bfaf06', 22, 0),
('steam:110000103bfaf06', 23, 0),
('steam:110000103bfaf06', 24, 0),
('steam:110000103bfaf06', 25, 0),
('steam:110000103bfaf06', 26, 0),
('steam:110000103bfaf06', 27, 0),
('steam:110000104f1c66e', 1, 0),
('steam:110000104f1c66e', 2, 0),
('steam:110000104f1c66e', 3, 0),
('steam:110000104f1c66e', 4, 0),
('steam:110000104f1c66e', 5, 0),
('steam:110000104f1c66e', 6, 0),
('steam:110000104f1c66e', 7, 0),
('steam:110000104f1c66e', 8, 0),
('steam:110000104f1c66e', 9, 0),
('steam:110000104f1c66e', 10, 0),
('steam:110000104f1c66e', 11, 0),
('steam:110000104f1c66e', 12, 0),
('steam:110000104f1c66e', 13, 3),
('steam:110000104f1c66e', 14, 0),
('steam:110000104f1c66e', 15, 0),
('steam:110000104f1c66e', 16, 0),
('steam:110000104f1c66e', 17, 0),
('steam:110000104f1c66e', 18, 0),
('steam:110000104f1c66e', 19, 0),
('steam:110000104f1c66e', 20, 0),
('steam:110000104f1c66e', 21, 0),
('steam:110000104f1c66e', 22, 0),
('steam:110000104f1c66e', 23, 0),
('steam:110000104f1c66e', 24, 0),
('steam:110000104f1c66e', 25, 0),
('steam:110000104f1c66e', 26, 0),
('steam:110000104f1c66e', 27, 0),
('steam:1100001056f4ceb', 1, 0),
('steam:1100001056f4ceb', 2, 0),
('steam:1100001056f4ceb', 3, 0),
('steam:1100001056f4ceb', 4, 0),
('steam:1100001056f4ceb', 5, 0),
('steam:1100001056f4ceb', 6, 0),
('steam:1100001056f4ceb', 7, 0),
('steam:1100001056f4ceb', 8, 0),
('steam:1100001056f4ceb', 9, 0),
('steam:1100001056f4ceb', 10, 0),
('steam:1100001056f4ceb', 11, 0),
('steam:1100001056f4ceb', 12, 0),
('steam:1100001056f4ceb', 13, 0),
('steam:1100001056f4ceb', 14, 0),
('steam:1100001056f4ceb', 15, 0),
('steam:1100001056f4ceb', 16, 0),
('steam:1100001056f4ceb', 17, 0),
('steam:1100001056f4ceb', 18, 0),
('steam:1100001056f4ceb', 19, 0),
('steam:1100001056f4ceb', 20, 0),
('steam:1100001056f4ceb', 21, 0),
('steam:1100001056f4ceb', 22, 0),
('steam:1100001056f4ceb', 23, 0),
('steam:1100001056f4ceb', 24, 0),
('steam:1100001056f4ceb', 25, 0),
('steam:1100001056f4ceb', 26, 0),
('steam:1100001056f4ceb', 27, 0),
('steam:110000105fcb1fa', 1, 0),
('steam:110000105fcb1fa', 2, 0),
('steam:110000105fcb1fa', 3, 0),
('steam:110000105fcb1fa', 4, 0),
('steam:110000105fcb1fa', 5, 0),
('steam:110000105fcb1fa', 6, 0),
('steam:110000105fcb1fa', 7, 0),
('steam:110000105fcb1fa', 8, 0),
('steam:110000105fcb1fa', 9, 0),
('steam:110000105fcb1fa', 10, 0),
('steam:110000105fcb1fa', 11, 0),
('steam:110000105fcb1fa', 12, 0),
('steam:110000105fcb1fa', 13, 0),
('steam:110000105fcb1fa', 14, 0),
('steam:110000105fcb1fa', 15, 0),
('steam:110000105fcb1fa', 16, 0),
('steam:110000105fcb1fa', 17, 0),
('steam:110000105fcb1fa', 18, 0),
('steam:110000105fcb1fa', 19, 0),
('steam:110000105fcb1fa', 20, 0),
('steam:110000105fcb1fa', 21, 0),
('steam:110000105fcb1fa', 22, 0),
('steam:110000105fcb1fa', 23, 0),
('steam:110000105fcb1fa', 24, 0),
('steam:110000105fcb1fa', 25, 0),
('steam:110000105fcb1fa', 26, 0),
('steam:110000105fcb1fa', 27, 0),
('steam:110000106922d75', 1, 0),
('steam:110000106922d75', 2, 0),
('steam:110000106922d75', 3, 0),
('steam:110000106922d75', 4, 0),
('steam:110000106922d75', 5, 0),
('steam:110000106922d75', 6, 0),
('steam:110000106922d75', 7, 0),
('steam:110000106922d75', 8, 0),
('steam:110000106922d75', 9, 0),
('steam:110000106922d75', 10, 0),
('steam:110000106922d75', 11, 0),
('steam:110000106922d75', 12, 0),
('steam:110000106922d75', 13, 0),
('steam:110000106922d75', 14, 0),
('steam:110000106922d75', 15, 0),
('steam:110000106922d75', 16, 0),
('steam:110000106922d75', 17, 0),
('steam:110000106922d75', 18, 0),
('steam:110000106922d75', 19, 0),
('steam:110000106922d75', 20, 0),
('steam:110000106922d75', 21, 0),
('steam:110000106922d75', 22, 0),
('steam:110000106922d75', 23, 0),
('steam:110000106922d75', 24, 0),
('steam:110000106922d75', 25, 0),
('steam:110000106922d75', 26, 0),
('steam:110000106922d75', 27, 0),
('steam:1100001069925d3', 1, 0),
('steam:1100001069925d3', 2, 0),
('steam:1100001069925d3', 3, 0),
('steam:1100001069925d3', 4, 0),
('steam:1100001069925d3', 5, 0),
('steam:1100001069925d3', 6, 0),
('steam:1100001069925d3', 7, 0),
('steam:1100001069925d3', 8, 0),
('steam:1100001069925d3', 9, 0),
('steam:1100001069925d3', 10, 0),
('steam:1100001069925d3', 11, 0),
('steam:1100001069925d3', 12, 0),
('steam:1100001069925d3', 13, 0),
('steam:1100001069925d3', 14, 0),
('steam:1100001069925d3', 15, 0),
('steam:1100001069925d3', 16, 0),
('steam:1100001069925d3', 17, 0),
('steam:1100001069925d3', 18, 0),
('steam:1100001069925d3', 19, 0),
('steam:1100001069925d3', 20, 0),
('steam:1100001069925d3', 21, 0),
('steam:1100001069925d3', 22, 0),
('steam:1100001069925d3', 23, 0),
('steam:1100001069925d3', 24, 0),
('steam:1100001069925d3', 25, 0),
('steam:1100001069925d3', 26, 0),
('steam:1100001069925d3', 27, 0),
('steam:11000010734d63c', 1, 0),
('steam:11000010734d63c', 2, 0),
('steam:11000010734d63c', 3, 0),
('steam:11000010734d63c', 4, 0),
('steam:11000010734d63c', 5, 0),
('steam:11000010734d63c', 6, 0),
('steam:11000010734d63c', 7, 0),
('steam:11000010734d63c', 8, 0),
('steam:11000010734d63c', 9, 0),
('steam:11000010734d63c', 10, 0),
('steam:11000010734d63c', 11, 0),
('steam:11000010734d63c', 12, 0),
('steam:11000010734d63c', 13, 0),
('steam:11000010734d63c', 14, 0),
('steam:11000010734d63c', 15, 0),
('steam:11000010734d63c', 16, 0),
('steam:11000010734d63c', 17, 0),
('steam:11000010734d63c', 18, 0),
('steam:11000010734d63c', 19, 0),
('steam:11000010734d63c', 20, 0),
('steam:11000010734d63c', 21, 0),
('steam:11000010734d63c', 22, 0),
('steam:11000010734d63c', 23, 0),
('steam:11000010734d63c', 24, 0),
('steam:11000010734d63c', 25, 0),
('steam:11000010734d63c', 26, 0),
('steam:11000010734d63c', 27, 0),
('steam:11000010769d50a', 1, 0),
('steam:11000010769d50a', 2, 0),
('steam:11000010769d50a', 3, 0),
('steam:11000010769d50a', 4, 0),
('steam:11000010769d50a', 5, 0),
('steam:11000010769d50a', 6, 0),
('steam:11000010769d50a', 7, 0),
('steam:11000010769d50a', 8, 0),
('steam:11000010769d50a', 9, 0),
('steam:11000010769d50a', 10, 0),
('steam:11000010769d50a', 11, 0),
('steam:11000010769d50a', 12, 0),
('steam:11000010769d50a', 13, 0),
('steam:11000010769d50a', 14, 0),
('steam:11000010769d50a', 15, 0),
('steam:11000010769d50a', 16, 0),
('steam:11000010769d50a', 17, 0),
('steam:11000010769d50a', 18, 0),
('steam:11000010769d50a', 19, 0),
('steam:11000010769d50a', 20, 0),
('steam:11000010769d50a', 21, 0),
('steam:11000010769d50a', 22, 0),
('steam:11000010769d50a', 23, 0),
('steam:11000010769d50a', 24, 0),
('steam:11000010769d50a', 25, 0),
('steam:11000010769d50a', 26, 0),
('steam:11000010769d50a', 27, 0),
('steam:110000107a4ba7d', 1, 0),
('steam:110000107a4ba7d', 2, 0),
('steam:110000107a4ba7d', 3, 0),
('steam:110000107a4ba7d', 4, 8),
('steam:110000107a4ba7d', 5, 0),
('steam:110000107a4ba7d', 6, 0),
('steam:110000107a4ba7d', 7, 0),
('steam:110000107a4ba7d', 8, 0),
('steam:110000107a4ba7d', 9, 0),
('steam:110000107a4ba7d', 10, 0),
('steam:110000107a4ba7d', 11, 0),
('steam:110000107a4ba7d', 12, 0),
('steam:110000107a4ba7d', 13, 0),
('steam:110000107a4ba7d', 14, 0),
('steam:110000107a4ba7d', 15, 0),
('steam:110000107a4ba7d', 16, 0),
('steam:110000107a4ba7d', 17, 0),
('steam:110000107a4ba7d', 18, 0),
('steam:110000107a4ba7d', 19, 0),
('steam:110000107a4ba7d', 20, 0),
('steam:110000107a4ba7d', 21, 0),
('steam:110000107a4ba7d', 22, 0),
('steam:110000107a4ba7d', 23, 0),
('steam:110000107a4ba7d', 24, 0),
('steam:110000107a4ba7d', 25, 0),
('steam:110000107a4ba7d', 26, 0),
('steam:110000107a4ba7d', 27, 0),
('steam:110000107c7c378', 1, 0),
('steam:110000107c7c378', 2, 0),
('steam:110000107c7c378', 3, 0),
('steam:110000107c7c378', 4, 0),
('steam:110000107c7c378', 5, 0),
('steam:110000107c7c378', 6, 0),
('steam:110000107c7c378', 7, 0),
('steam:110000107c7c378', 8, 0),
('steam:110000107c7c378', 9, 0),
('steam:110000107c7c378', 10, 0),
('steam:110000107c7c378', 11, 0),
('steam:110000107c7c378', 12, 0),
('steam:110000107c7c378', 13, 0),
('steam:110000107c7c378', 14, 0),
('steam:110000107c7c378', 15, 0),
('steam:110000107c7c378', 16, 0),
('steam:110000107c7c378', 17, 0),
('steam:110000107c7c378', 18, 0),
('steam:110000107c7c378', 19, 0),
('steam:110000107c7c378', 20, 0),
('steam:110000107c7c378', 21, 0),
('steam:110000107c7c378', 22, 0),
('steam:110000107c7c378', 23, 0),
('steam:110000107c7c378', 24, 0),
('steam:110000107c7c378', 25, 0),
('steam:110000107c7c378', 26, 0),
('steam:110000107c7c378', 27, 0),
('steam:1100001092fb18d', 1, 0),
('steam:1100001092fb18d', 2, 4),
('steam:1100001092fb18d', 3, 0),
('steam:1100001092fb18d', 4, 0),
('steam:1100001092fb18d', 5, 0),
('steam:1100001092fb18d', 6, 0),
('steam:1100001092fb18d', 7, 0),
('steam:1100001092fb18d', 8, 0),
('steam:1100001092fb18d', 9, 0),
('steam:1100001092fb18d', 10, 0),
('steam:1100001092fb18d', 11, 0),
('steam:1100001092fb18d', 12, 0),
('steam:1100001092fb18d', 13, 0),
('steam:1100001092fb18d', 14, 0),
('steam:1100001092fb18d', 15, 0),
('steam:1100001092fb18d', 16, 0),
('steam:1100001092fb18d', 17, 0),
('steam:1100001092fb18d', 18, 0),
('steam:1100001092fb18d', 19, 0),
('steam:1100001092fb18d', 20, 0),
('steam:1100001092fb18d', 21, 0),
('steam:1100001092fb18d', 22, 0),
('steam:1100001092fb18d', 23, 0),
('steam:1100001092fb18d', 24, 0),
('steam:1100001092fb18d', 25, 0),
('steam:1100001092fb18d', 26, 0),
('steam:1100001092fb18d', 27, 0),
('steam:11000010979b57c', 1, 10),
('steam:11000010979b57c', 2, 1),
('steam:11000010979b57c', 3, 0),
('steam:11000010979b57c', 4, 30),
('steam:11000010979b57c', 5, 0),
('steam:11000010979b57c', 6, 0),
('steam:11000010979b57c', 7, 0),
('steam:11000010979b57c', 8, 0),
('steam:11000010979b57c', 9, 0),
('steam:11000010979b57c', 10, 0),
('steam:11000010979b57c', 11, 0),
('steam:11000010979b57c', 12, 0),
('steam:11000010979b57c', 13, 0),
('steam:11000010979b57c', 14, 0),
('steam:11000010979b57c', 15, 0),
('steam:11000010979b57c', 16, 0),
('steam:11000010979b57c', 17, 0),
('steam:11000010979b57c', 18, 0),
('steam:11000010979b57c', 19, 0),
('steam:11000010979b57c', 20, 0),
('steam:11000010979b57c', 21, 0),
('steam:11000010979b57c', 22, 0),
('steam:11000010979b57c', 23, 0),
('steam:11000010979b57c', 24, 0),
('steam:11000010979b57c', 25, 0),
('steam:11000010979b57c', 26, 0),
('steam:11000010979b57c', 27, 0),
('steam:110000109ea864c', 1, 27),
('steam:110000109ea864c', 2, 18),
('steam:110000109ea864c', 3, 0),
('steam:110000109ea864c', 4, 0),
('steam:110000109ea864c', 5, 0),
('steam:110000109ea864c', 6, 0),
('steam:110000109ea864c', 7, 0),
('steam:110000109ea864c', 8, 0),
('steam:110000109ea864c', 9, 0),
('steam:110000109ea864c', 10, 0),
('steam:110000109ea864c', 11, 0),
('steam:110000109ea864c', 12, 0),
('steam:110000109ea864c', 13, 0),
('steam:110000109ea864c', 14, 0),
('steam:110000109ea864c', 15, 0),
('steam:110000109ea864c', 16, 0),
('steam:110000109ea864c', 17, 0),
('steam:110000109ea864c', 18, 0),
('steam:110000109ea864c', 19, 0),
('steam:110000109ea864c', 20, 0),
('steam:110000109ea864c', 21, 0),
('steam:110000109ea864c', 22, 3),
('steam:110000109ea864c', 23, 0),
('steam:110000109ea864c', 24, 0),
('steam:110000109ea864c', 25, 0),
('steam:110000109ea864c', 26, 0),
('steam:110000109ea864c', 27, 0),
('steam:11000010ad47830', 1, 0),
('steam:11000010ad47830', 2, 0),
('steam:11000010ad47830', 3, 0),
('steam:11000010ad47830', 4, 0),
('steam:11000010ad47830', 5, 0),
('steam:11000010ad47830', 6, 0),
('steam:11000010ad47830', 7, 0),
('steam:11000010ad47830', 8, 0),
('steam:11000010ad47830', 9, 0),
('steam:11000010ad47830', 10, 0),
('steam:11000010ad47830', 11, 0),
('steam:11000010ad47830', 12, 0),
('steam:11000010ad47830', 13, 0),
('steam:11000010ad47830', 14, 0),
('steam:11000010ad47830', 15, 0),
('steam:11000010ad47830', 16, 0),
('steam:11000010ad47830', 17, 0),
('steam:11000010ad47830', 18, 0),
('steam:11000010ad47830', 19, 0),
('steam:11000010ad47830', 20, 0),
('steam:11000010ad47830', 21, 0),
('steam:11000010ad47830', 22, 0),
('steam:11000010ad47830', 23, 0),
('steam:11000010ad47830', 24, 0),
('steam:11000010ad47830', 25, 0),
('steam:11000010ad47830', 26, 0),
('steam:11000010ad47830', 27, 0),
('steam:11000010b1b1517', 1, 0),
('steam:11000010b1b1517', 2, 0),
('steam:11000010b1b1517', 3, 0),
('steam:11000010b1b1517', 4, 0),
('steam:11000010b1b1517', 5, 0),
('steam:11000010b1b1517', 6, 0),
('steam:11000010b1b1517', 7, 0),
('steam:11000010b1b1517', 8, 0),
('steam:11000010b1b1517', 9, 0),
('steam:11000010b1b1517', 10, 0),
('steam:11000010b1b1517', 11, 0),
('steam:11000010b1b1517', 12, 0),
('steam:11000010b1b1517', 13, 0),
('steam:11000010b1b1517', 14, 0),
('steam:11000010b1b1517', 15, 0),
('steam:11000010b1b1517', 16, 0),
('steam:11000010b1b1517', 17, 0),
('steam:11000010b1b1517', 18, 0),
('steam:11000010b1b1517', 19, 0),
('steam:11000010b1b1517', 20, 0),
('steam:11000010b1b1517', 21, 0),
('steam:11000010b1b1517', 22, 0),
('steam:11000010b1b1517', 23, 0),
('steam:11000010b1b1517', 24, 0),
('steam:11000010b1b1517', 25, 0),
('steam:11000010b1b1517', 26, 0),
('steam:11000010b1b1517', 27, 0),
('steam:11000010b1fc830', 1, 0),
('steam:11000010b1fc830', 2, 0),
('steam:11000010b1fc830', 3, 0),
('steam:11000010b1fc830', 4, 0),
('steam:11000010b1fc830', 5, 0),
('steam:11000010b1fc830', 6, 0),
('steam:11000010b1fc830', 7, 0),
('steam:11000010b1fc830', 8, 0),
('steam:11000010b1fc830', 9, 0),
('steam:11000010b1fc830', 10, 0),
('steam:11000010b1fc830', 11, 0),
('steam:11000010b1fc830', 12, 0),
('steam:11000010b1fc830', 13, 0),
('steam:11000010b1fc830', 14, 0),
('steam:11000010b1fc830', 15, 0),
('steam:11000010b1fc830', 16, 0),
('steam:11000010b1fc830', 17, 0),
('steam:11000010b1fc830', 18, 0),
('steam:11000010b1fc830', 19, 0),
('steam:11000010b1fc830', 20, 0),
('steam:11000010b1fc830', 21, 0),
('steam:11000010b1fc830', 22, 0),
('steam:11000010b1fc830', 23, 0),
('steam:11000010b1fc830', 24, 0),
('steam:11000010b1fc830', 25, 0),
('steam:11000010b1fc830', 26, 0),
('steam:11000010b1fc830', 27, 0),
('steam:11000010b32c6b8', 1, 17),
('steam:11000010b32c6b8', 2, 19),
('steam:11000010b32c6b8', 3, 13),
('steam:11000010b32c6b8', 4, 0),
('steam:11000010b32c6b8', 5, 0),
('steam:11000010b32c6b8', 6, 0),
('steam:11000010b32c6b8', 7, 0),
('steam:11000010b32c6b8', 8, 0),
('steam:11000010b32c6b8', 9, 0),
('steam:11000010b32c6b8', 10, 0),
('steam:11000010b32c6b8', 11, 0),
('steam:11000010b32c6b8', 12, 0),
('steam:11000010b32c6b8', 13, 0),
('steam:11000010b32c6b8', 14, 0),
('steam:11000010b32c6b8', 15, 0),
('steam:11000010b32c6b8', 16, 0),
('steam:11000010b32c6b8', 17, 0),
('steam:11000010b32c6b8', 18, 0),
('steam:11000010b32c6b8', 19, 0),
('steam:11000010b32c6b8', 20, 0),
('steam:11000010b32c6b8', 21, 0),
('steam:11000010b32c6b8', 22, 7),
('steam:11000010b32c6b8', 23, 0),
('steam:11000010b32c6b8', 24, 0),
('steam:11000010b32c6b8', 25, 0),
('steam:11000010b32c6b8', 26, 0),
('steam:11000010b32c6b8', 27, 0),
('steam:11000010b39c496', 1, 0),
('steam:11000010b39c496', 2, 0),
('steam:11000010b39c496', 3, 0),
('steam:11000010b39c496', 4, 0),
('steam:11000010b39c496', 5, 0),
('steam:11000010b39c496', 6, 0),
('steam:11000010b39c496', 7, 0),
('steam:11000010b39c496', 8, 0),
('steam:11000010b39c496', 9, 0),
('steam:11000010b39c496', 10, 0),
('steam:11000010b39c496', 11, 0),
('steam:11000010b39c496', 12, 0),
('steam:11000010b39c496', 13, 0),
('steam:11000010b39c496', 14, 0),
('steam:11000010b39c496', 15, 0),
('steam:11000010b39c496', 16, 0),
('steam:11000010b39c496', 17, 0),
('steam:11000010b39c496', 18, 0),
('steam:11000010b39c496', 19, 0),
('steam:11000010b39c496', 20, 0),
('steam:11000010b39c496', 21, 0),
('steam:11000010b39c496', 22, 0),
('steam:11000010b39c496', 23, 0),
('steam:11000010b39c496', 24, 0),
('steam:11000010b39c496', 25, 0),
('steam:11000010b39c496', 26, 0),
('steam:11000010b39c496', 27, 0),
('steam:11000010cd038f9', 1, 0),
('steam:11000010cd038f9', 2, 0),
('steam:11000010cd038f9', 3, 0),
('steam:11000010cd038f9', 4, 0),
('steam:11000010cd038f9', 5, 0),
('steam:11000010cd038f9', 6, 0),
('steam:11000010cd038f9', 7, 0),
('steam:11000010cd038f9', 8, 0),
('steam:11000010cd038f9', 9, 0),
('steam:11000010cd038f9', 10, 0),
('steam:11000010cd038f9', 11, 0),
('steam:11000010cd038f9', 12, 0),
('steam:11000010cd038f9', 13, 0),
('steam:11000010cd038f9', 14, 0),
('steam:11000010cd038f9', 15, 0),
('steam:11000010cd038f9', 16, 0),
('steam:11000010cd038f9', 17, 0),
('steam:11000010cd038f9', 18, 0),
('steam:11000010cd038f9', 19, 0),
('steam:11000010cd038f9', 20, 0),
('steam:11000010cd038f9', 21, 0),
('steam:11000010cd038f9', 22, 0),
('steam:11000010cd038f9', 23, 0),
('steam:11000010cd038f9', 24, 0),
('steam:11000010cd038f9', 25, 0),
('steam:11000010d576863', 1, 0),
('steam:11000010d576863', 2, 0),
('steam:11000010d576863', 3, 0),
('steam:11000010d576863', 4, 0),
('steam:11000010d576863', 5, 0),
('steam:11000010d576863', 6, 0),
('steam:11000010d576863', 7, 0),
('steam:11000010d576863', 8, 0),
('steam:11000010d576863', 9, 0),
('steam:11000010d576863', 10, 0),
('steam:11000010d576863', 11, 0),
('steam:11000010d576863', 12, 0),
('steam:11000010d576863', 13, 0),
('steam:11000010d751e89', 1, 0),
('steam:11000010d751e89', 2, 0),
('steam:11000010d751e89', 3, 0),
('steam:11000010d751e89', 4, 0),
('steam:11000010d751e89', 5, 0),
('steam:11000010d751e89', 6, 0),
('steam:11000010d751e89', 7, 0),
('steam:11000010d751e89', 8, 0),
('steam:11000010d751e89', 9, 0),
('steam:11000010d751e89', 10, 0),
('steam:11000010d751e89', 11, 0),
('steam:11000010d751e89', 12, 0),
('steam:11000010d751e89', 13, 0),
('steam:11000010d751e89', 14, 0),
('steam:11000010d751e89', 15, 0),
('steam:11000010d751e89', 16, 0),
('steam:11000010d751e89', 17, 0),
('steam:11000010d751e89', 18, 0),
('steam:11000010d751e89', 19, 0),
('steam:11000010d751e89', 20, 0),
('steam:11000010d751e89', 21, 0),
('steam:11000010d751e89', 22, 0),
('steam:11000010d751e89', 23, 0),
('steam:11000010d751e89', 24, 0),
('steam:11000010d751e89', 25, 0),
('steam:11000010d751e89', 26, 0),
('steam:11000010d751e89', 27, 0),
('steam:11000010ddd362d', 1, 0),
('steam:11000010ddd362d', 2, 0),
('steam:11000010ddd362d', 3, 0),
('steam:11000010ddd362d', 4, 0),
('steam:11000010ddd362d', 5, 0),
('steam:11000010ddd362d', 6, 0),
('steam:11000010ddd362d', 7, 0),
('steam:11000010ddd362d', 8, 0),
('steam:11000010ddd362d', 9, 0),
('steam:11000010ddd362d', 10, 0),
('steam:11000010ddd362d', 11, 0),
('steam:11000010ddd362d', 12, 0),
('steam:11000010ddd362d', 13, 0),
('steam:11000010ddd362d', 14, 0),
('steam:11000010ddd362d', 15, 0),
('steam:11000010ddd362d', 16, 0),
('steam:11000010ddd362d', 17, 0),
('steam:11000010ddd362d', 18, 0),
('steam:11000010ddd362d', 19, 0),
('steam:11000010ddd362d', 20, 0),
('steam:11000010ddd362d', 21, 0),
('steam:11000010ddd362d', 22, 0),
('steam:11000010ddd362d', 23, 0),
('steam:11000010ddd362d', 24, 0),
('steam:11000010ddd362d', 25, 0),
('steam:11000010ddd362d', 26, 0),
('steam:11000010ddd362d', 27, 0),
('steam:11000010ec832c8', 1, 0),
('steam:11000010ec832c8', 2, 0),
('steam:11000010ec832c8', 3, 0),
('steam:11000010ec832c8', 4, 0),
('steam:11000010ec832c8', 5, 0),
('steam:11000010ec832c8', 6, 0),
('steam:11000010ec832c8', 7, 0),
('steam:11000010ec832c8', 8, 0),
('steam:11000010ec832c8', 9, 0),
('steam:11000010ec832c8', 10, 0),
('steam:11000010ec832c8', 11, 0),
('steam:11000010ec832c8', 12, 0),
('steam:11000010ec832c8', 13, 0),
('steam:11000010ec832c8', 14, 0),
('steam:11000010ec832c8', 15, 0),
('steam:11000010ec832c8', 16, 0),
('steam:11000010ec832c8', 17, 0),
('steam:11000010ee26de4', 1, 0),
('steam:11000010ee26de4', 2, 0),
('steam:11000010ee26de4', 3, 0),
('steam:11000010ee26de4', 4, 0),
('steam:11000010ee26de4', 5, 0),
('steam:11000010ee26de4', 6, 0),
('steam:11000010ee26de4', 7, 0),
('steam:11000010ee26de4', 8, 0),
('steam:11000010ee26de4', 9, 0),
('steam:11000010ee26de4', 10, 0),
('steam:11000010ee26de4', 11, 0),
('steam:11000010ee26de4', 12, 0),
('steam:11000010ee26de4', 13, 0),
('steam:11000010ee26de4', 14, 0),
('steam:11000010ee26de4', 15, 0),
('steam:11000010ee26de4', 16, 0),
('steam:11000010ee26de4', 17, 0),
('steam:11000010ee26de4', 18, 0),
('steam:11000010ee26de4', 19, 0),
('steam:11000010ee26de4', 20, 0),
('steam:11000010ee26de4', 21, 0),
('steam:11000010ee26de4', 22, 0),
('steam:11000010ee26de4', 23, 0),
('steam:11000010ee26de4', 24, 0),
('steam:11000010ee26de4', 25, 0),
('steam:11000010ee26de4', 26, 0),
('steam:11000010ee26de4', 27, 0),
('steam:11000011085dcee', 1, 0),
('steam:11000011085dcee', 2, 0),
('steam:11000011085dcee', 3, 0),
('steam:11000011085dcee', 4, 0),
('steam:11000011085dcee', 5, 0),
('steam:11000011085dcee', 6, 0),
('steam:11000011085dcee', 7, 0),
('steam:11000011085dcee', 8, 0),
('steam:11000011085dcee', 9, 0),
('steam:11000011085dcee', 10, 0),
('steam:11000011085dcee', 11, 0),
('steam:11000011085dcee', 12, 0),
('steam:11000011085dcee', 13, 0),
('steam:11000011085dcee', 14, 0),
('steam:11000011085dcee', 15, 0),
('steam:11000011085dcee', 16, 0),
('steam:11000011085dcee', 17, 0),
('steam:11000011085dcee', 18, 0),
('steam:11000011085dcee', 19, 0),
('steam:11000011085dcee', 20, 0),
('steam:11000011085dcee', 21, 0),
('steam:11000011085dcee', 22, 0),
('steam:11000011085dcee', 23, 0),
('steam:11000011085dcee', 24, 0),
('steam:11000011085dcee', 25, 0),
('steam:11000011085dcee', 26, 0),
('steam:11000011085dcee', 27, 0),
('steam:110000110c87bea', 1, 27),
('steam:110000110c87bea', 2, 22),
('steam:110000110c87bea', 3, 1),
('steam:110000110c87bea', 4, 0),
('steam:110000110c87bea', 5, 0),
('steam:110000110c87bea', 6, 0),
('steam:110000110c87bea', 7, 0),
('steam:110000110c87bea', 8, 0),
('steam:110000110c87bea', 9, 0),
('steam:110000110c87bea', 10, 0),
('steam:110000110c87bea', 11, 0),
('steam:110000110c87bea', 12, 0),
('steam:110000110c87bea', 13, 0),
('steam:110000110c87bea', 14, 0),
('steam:110000110c87bea', 15, 0),
('steam:110000110c87bea', 16, 0),
('steam:110000110c87bea', 17, 0),
('steam:110000110c87bea', 18, 0),
('steam:110000110c87bea', 19, 0),
('steam:110000110c87bea', 20, 0),
('steam:110000110c87bea', 21, 0),
('steam:110000110c87bea', 22, 0),
('steam:110000110c87bea', 23, 0),
('steam:110000110c87bea', 24, 0),
('steam:110000110c87bea', 25, 0),
('steam:110000110c87bea', 26, 0),
('steam:110000110c87bea', 27, 0),
('steam:110000111575f88', 1, 0),
('steam:110000111575f88', 2, 0),
('steam:110000111575f88', 3, 0),
('steam:110000111575f88', 4, 0),
('steam:110000111575f88', 5, 0),
('steam:110000111575f88', 6, 0),
('steam:110000111575f88', 7, 0),
('steam:110000111575f88', 8, 0),
('steam:110000111575f88', 9, 0),
('steam:110000111575f88', 10, 0),
('steam:110000111575f88', 11, 0),
('steam:110000111575f88', 12, 0),
('steam:110000111575f88', 13, 0),
('steam:110000111575f88', 14, 0),
('steam:110000111575f88', 15, 0),
('steam:110000111575f88', 16, 0),
('steam:110000111575f88', 17, 0),
('steam:110000111575f88', 18, 0),
('steam:110000111575f88', 19, 0),
('steam:110000111575f88', 20, 0),
('steam:110000111575f88', 21, 0),
('steam:110000111575f88', 22, 0),
('steam:110000111575f88', 23, 0),
('steam:110000111575f88', 24, 0),
('steam:110000111575f88', 25, 0),
('steam:110000111575f88', 26, 0),
('steam:110000111575f88', 27, 0),
('steam:110000113e790fe', 1, 0),
('steam:110000113e790fe', 2, 0),
('steam:110000113e790fe', 3, 0),
('steam:110000113e790fe', 4, 0),
('steam:110000113e790fe', 5, 0),
('steam:110000113e790fe', 6, 0),
('steam:110000113e790fe', 7, 0),
('steam:110000113e790fe', 8, 0),
('steam:110000113e790fe', 9, 0),
('steam:110000113e790fe', 10, 0),
('steam:110000113e790fe', 11, 0),
('steam:110000113e790fe', 12, 0),
('steam:110000113e790fe', 13, 0),
('steam:110000113e790fe', 14, 0),
('steam:110000113e790fe', 15, 0),
('steam:110000113e790fe', 16, 0),
('steam:110000113e790fe', 17, 0),
('steam:110000113e790fe', 18, 0),
('steam:110000113e790fe', 19, 0),
('steam:110000113e790fe', 20, 0),
('steam:110000113e790fe', 21, 0),
('steam:110000113e790fe', 22, 0),
('steam:110000113e790fe', 23, 0),
('steam:110000113e790fe', 24, 0),
('steam:110000113e790fe', 25, 0),
('steam:110000113e790fe', 26, 0),
('steam:110000113e790fe', 27, 0),
('steam:11000011616b76b', 1, 0),
('steam:11000011616b76b', 2, 0),
('steam:11000011616b76b', 3, 0),
('steam:11000011616b76b', 4, 0),
('steam:11000011616b76b', 5, 0),
('steam:11000011616b76b', 6, 0),
('steam:11000011616b76b', 7, 0),
('steam:11000011616b76b', 8, 0),
('steam:11000011616b76b', 9, 0),
('steam:11000011616b76b', 10, 0),
('steam:11000011616b76b', 11, 0),
('steam:11000011616b76b', 12, 0),
('steam:11000011616b76b', 13, 0),
('steam:11000011616b76b', 14, 0),
('steam:11000011616b76b', 15, 0),
('steam:11000011616b76b', 16, 0),
('steam:11000011616b76b', 17, 0),
('steam:11000011616b76b', 18, 0),
('steam:11000011616b76b', 19, 0),
('steam:11000011616b76b', 20, 0),
('steam:11000011616b76b', 21, 0),
('steam:11000011616b76b', 22, 0),
('steam:11000011616b76b', 23, 0),
('steam:11000011616b76b', 24, 0),
('steam:11000011616b76b', 25, 0),
('steam:11000011616b76b', 26, 0),
('steam:11000011616b76b', 27, 0),
('steam:1100001166186bc', 1, 0),
('steam:1100001166186bc', 2, 0),
('steam:1100001166186bc', 3, 0),
('steam:1100001166186bc', 4, 0),
('steam:1100001166186bc', 5, 0),
('steam:1100001166186bc', 6, 0),
('steam:1100001166186bc', 7, 0),
('steam:1100001166186bc', 8, 0),
('steam:1100001166186bc', 9, 0),
('steam:1100001166186bc', 10, 0),
('steam:1100001166186bc', 11, 0),
('steam:1100001166186bc', 12, 0),
('steam:1100001166186bc', 13, 0),
('steam:1100001166186bc', 14, 0),
('steam:1100001166186bc', 15, 0),
('steam:1100001166186bc', 16, 0),
('steam:1100001166186bc', 17, 0),
('steam:1100001166186bc', 18, 0),
('steam:1100001166186bc', 19, 0),
('steam:1100001166186bc', 20, 0),
('steam:1100001166186bc', 21, 0),
('steam:1100001166186bc', 22, 0),
('steam:1100001166186bc', 23, 0),
('steam:1100001166186bc', 24, 0),
('steam:1100001166186bc', 25, 0),
('steam:1100001166186bc', 26, 0),
('steam:1100001166186bc', 27, 0),
('steam:110000116cbd18e', 1, 0),
('steam:110000116cbd18e', 2, 0),
('steam:110000116cbd18e', 3, 0),
('steam:110000116cbd18e', 4, 0),
('steam:110000116cbd18e', 5, 0),
('steam:110000116cbd18e', 6, 0),
('steam:110000116cbd18e', 7, 0),
('steam:110000116cbd18e', 8, 0),
('steam:110000116cbd18e', 9, 0),
('steam:110000116cbd18e', 10, 0),
('steam:110000116cbd18e', 11, 0),
('steam:110000116cbd18e', 12, 0),
('steam:110000116cbd18e', 13, 0),
('steam:110000116cbd18e', 14, 0),
('steam:110000116cbd18e', 15, 0),
('steam:110000116cbd18e', 16, 0),
('steam:110000116cbd18e', 17, 0),
('steam:110000116cbd18e', 18, 0),
('steam:110000116cbd18e', 19, 0),
('steam:110000116cbd18e', 20, 0),
('steam:110000116cbd18e', 21, 0),
('steam:110000116cbd18e', 22, 0),
('steam:110000116cbd18e', 23, 0),
('steam:110000116cbd18e', 24, 0),
('steam:110000116cbd18e', 25, 0),
('steam:110000116cbd18e', 26, 0),
('steam:110000116cbd18e', 27, 0),
('steam:110000117b910f8', 1, 0),
('steam:110000117b910f8', 2, 0),
('steam:110000117b910f8', 3, 0),
('steam:110000117b910f8', 4, 0),
('steam:110000117b910f8', 5, 0),
('steam:110000117b910f8', 6, 0),
('steam:110000117b910f8', 7, 0),
('steam:110000117b910f8', 8, 0),
('steam:110000117b910f8', 9, 0),
('steam:110000117b910f8', 10, 0),
('steam:110000117b910f8', 11, 0),
('steam:110000117b910f8', 12, 0),
('steam:110000117b910f8', 13, 0),
('steam:110000117b910f8', 14, 0),
('steam:110000117b910f8', 15, 0),
('steam:110000117b910f8', 16, 0),
('steam:110000117b910f8', 17, 0),
('steam:110000117b910f8', 18, 0),
('steam:110000117b910f8', 19, 0),
('steam:110000117b910f8', 20, 0),
('steam:110000117b910f8', 21, 0),
('steam:110000117b910f8', 22, 0),
('steam:110000117b910f8', 23, 0),
('steam:110000117b910f8', 24, 0),
('steam:110000117b910f8', 25, 0),
('steam:110000117b910f8', 26, 0),
('steam:110000117b910f8', 27, 0),
('steam:110000118640510', 1, 0),
('steam:110000118640510', 2, 0),
('steam:110000118640510', 3, 0),
('steam:110000118de779d', 1, 0),
('steam:110000118de779d', 2, 0),
('steam:110000118de779d', 3, 0),
('steam:110000118de779d', 4, 0),
('steam:110000118de779d', 5, 0),
('steam:110000118de779d', 6, 0),
('steam:110000118de779d', 7, 0),
('steam:110000118de779d', 8, 0),
('steam:110000118de779d', 9, 0),
('steam:110000118de779d', 10, 0),
('steam:110000118de779d', 11, 0),
('steam:110000118de779d', 12, 0),
('steam:110000118de779d', 13, 0),
('steam:110000119633bb2', 1, 0),
('steam:110000119633bb2', 2, 0),
('steam:110000119633bb2', 3, 0),
('steam:110000119633bb2', 4, 0),
('steam:110000119633bb2', 5, 0),
('steam:110000119633bb2', 6, 0),
('steam:110000119633bb2', 7, 0),
('steam:110000119633bb2', 8, 0),
('steam:110000119633bb2', 9, 0),
('steam:110000119633bb2', 10, 0),
('steam:110000119633bb2', 11, 0),
('steam:110000119633bb2', 12, 0),
('steam:110000119633bb2', 13, 0),
('steam:110000119633bb2', 14, 0),
('steam:110000119633bb2', 15, 0),
('steam:110000119633bb2', 16, 0),
('steam:110000119633bb2', 17, 0),
('steam:110000119633bb2', 18, 0),
('steam:110000119633bb2', 19, 0),
('steam:110000119633bb2', 20, 0),
('steam:110000119633bb2', 21, 0),
('steam:110000119633bb2', 22, 0),
('steam:110000119633bb2', 23, 0),
('steam:110000119633bb2', 24, 0),
('steam:110000119633bb2', 25, 0),
('steam:110000119633bb2', 26, 0),
('steam:110000119633bb2', 27, 0),
('steam:11000011992c33e', 1, 4),
('steam:11000011992c33e', 2, 4),
('steam:11000011992c33e', 3, 6),
('steam:11000011992c33e', 4, 0),
('steam:11000011992c33e', 5, 0),
('steam:11000011992c33e', 6, 0),
('steam:11000011992c33e', 7, 0),
('steam:11000011992c33e', 8, 0),
('steam:11000011992c33e', 9, 0),
('steam:11000011992c33e', 10, 0),
('steam:11000011992c33e', 11, 0),
('steam:11000011992c33e', 12, 0),
('steam:11000011992c33e', 13, 0),
('steam:11000011992c33e', 14, 0),
('steam:11000011992c33e', 15, 0),
('steam:11000011992c33e', 16, 0),
('steam:11000011992c33e', 17, 0),
('steam:11000011992c33e', 18, 0),
('steam:11000011992c33e', 19, 0),
('steam:11000011992c33e', 20, 0),
('steam:11000011992c33e', 21, 0),
('steam:11000011992c33e', 22, 0),
('steam:11000011992c33e', 23, 0),
('steam:11000011992c33e', 24, 0),
('steam:11000011992c33e', 25, 0),
('steam:11000011992c33e', 26, 0),
('steam:11000011992c33e', 27, 0),
('steam:1100001199ed8ff', 1, 0),
('steam:1100001199ed8ff', 2, 0),
('steam:1100001199ed8ff', 3, 0),
('steam:1100001199ed8ff', 4, 0),
('steam:1100001199ed8ff', 5, 0),
('steam:1100001199ed8ff', 6, 0),
('steam:1100001199ed8ff', 7, 0),
('steam:1100001199ed8ff', 8, 0),
('steam:1100001199ed8ff', 9, 0),
('steam:1100001199ed8ff', 10, 0),
('steam:1100001199ed8ff', 11, 0),
('steam:1100001199ed8ff', 12, 0),
('steam:1100001199ed8ff', 13, 0),
('steam:1100001199ed8ff', 14, 0),
('steam:1100001199ed8ff', 15, 0),
('steam:1100001199ed8ff', 16, 0),
('steam:1100001199ed8ff', 17, 0),
('steam:1100001199ed8ff', 18, 0),
('steam:1100001199ed8ff', 19, 0),
('steam:1100001199ed8ff', 20, 0),
('steam:1100001199ed8ff', 21, 0),
('steam:1100001199ed8ff', 22, 0),
('steam:1100001199ed8ff', 23, 0),
('steam:1100001199ed8ff', 24, 0),
('steam:1100001199ed8ff', 25, 0),
('steam:1100001199ed8ff', 26, 0),
('steam:1100001199ed8ff', 27, 0);

-- --------------------------------------------------------

--
-- Structure de la table `user_vehicle`
--

CREATE TABLE `user_vehicle` (
  `ID` int(10) NOT NULL,
  `identifier` varchar(30) CHARACTER SET utf8mb4 NOT NULL,
  `vehicle_name` varchar(60) CHARACTER SET utf8mb4 DEFAULT NULL,
  `vehicle_model` varchar(60) CHARACTER SET utf8mb4 DEFAULT NULL,
  `vehicle_price` int(60) DEFAULT NULL,
  `vehicle_plate` varchar(60) CHARACTER SET utf8mb4 DEFAULT NULL,
  `vehicle_state` varchar(60) CHARACTER SET utf8mb4 DEFAULT NULL,
  `vehicle_colorprimary` varchar(60) CHARACTER SET utf8mb4 DEFAULT NULL,
  `vehicle_colorsecondary` varchar(60) CHARACTER SET utf8mb4 DEFAULT NULL,
  `vehicle_pearlescentcolor` varchar(60) CHARACTER SET utf8mb4 NOT NULL,
  `vehicle_wheelcolor` varchar(60) CHARACTER SET utf8mb4 NOT NULL
) ENGINE=InnoDB DEFAULT CHARSET=utf8;

--
-- Contenu de la table `user_vehicle`
--

INSERT INTO `user_vehicle` (`ID`, `identifier`, `vehicle_name`, `vehicle_model`, `vehicle_price`, `vehicle_plate`, `vehicle_state`, `vehicle_colorprimary`, `vehicle_colorsecondary`, `vehicle_pearlescentcolor`, `vehicle_wheelcolor`) VALUES
(123, 'steam:110000106922d75', 'Faggio', 'faggio2', 4000, 'CTZN2D75', 'Rentré', '4', '0', '111', '156'),
(125, 'steam:1100001092fb18d', 'Faggio', 'faggio2', 4000, 'CTZNB18D', 'Rentré', '4', '0', '111', '156'),
(126, 'steam:1100001092fb18d', 'Faggio', 'faggio2', 4000, 'CTZNB18D', 'Rentré', '4', '0', '111', '156'),
(127, 'steam:110000117b910f8', 'Faggio', 'faggio2', 4000, 'CTZN10F8', 'Rentré', '4', '0', '111', '156'),
(128, 'steam:11000010ddd362d', 'Faggio', 'faggio2', 4000, 'CTZN362D', 'Rentré', '4', '0', '111', '156'),
(129, 'steam:110000116cbd18e', 'Faggio', 'faggio2', 4000, 'CTZND18E', 'Rentré', '4', '0', '111', '156'),
(130, 'steam:110000103bfa326', 'Faggio', 'faggio2', 4000, 'CTZNA326', 'Rentré', '4', '0', '111', '156'),
(131, 'steam:1100001010460cd', 'Faggio', 'faggio2', 4000, 'CTZN60CD', 'Rentré', '4', '0', '111', '156'),
(132, 'steam:1100001056f4ceb', 'Faggio', 'faggio2', 4000, 'CTZN4CEB', 'Rentré', '4', '0', '111', '156'),
(133, 'steam:110000105fcb1fa', 'Faggio', 'faggio2', 4000, 'CTZNB1FA', 'Rentré', '4', '0', '111', '156'),
(134, 'steam:110000104f1c66e', 'Faggio', 'faggio2', 4000, 'CTZNC66E', 'Rentré', '4', '0', '111', '156'),
(135, 'steam:11000010769d50a', 'Faggio', 'faggio2', 4000, 'CTZND50A', 'Rentré', '4', '0', '111', '156'),
(136, 'steam:11000010ad47830', 'Faggio', 'faggio2', 4000, 'CTZN7830', 'Rentré', '4', '0', '111', '156'),
(137, 'steam:11000011616b76b', 'Faggio', 'faggio2', 4000, 'CTZNB76B', 'Rentré', '4', '0', '111', '156'),
(138, 'steam:110000100ec4dcf', 'Faggio', 'faggio2', 4000, 'CTZN4DCF', 'Rentré', '4', '0', '111', '156'),
(141, 'steam:110000103bfaf06', 'Faggio', 'faggio2', 4000, 'CTZNAF06', 'Rentré', '4', '0', '111', '156'),
(142, 'steam:11000010ee26de4', 'Faggio', 'faggio2', 4000, 'CTZN6DE4', 'Rentré', '4', '0', '111', '156'),
(143, 'steam:110000105fcb1fa', 'Sultan', 'sultan', 12000, 'CTZNB1FA', 'Rentré', '0', '0', '10', '156'),
(144, 'steam:1100001056f4ceb', 'Sultan', 'sultan', 12000, 'CTZN4CEB', 'Rentré', '2', '2', '7', '156'),
(145, 'steam:1100001069925d3', 'Faggio', 'faggio2', 4000, 'CTZN25D3', 'Rentré', '4', '0', '111', '156'),
(147, 'steam:110000101cb004f', 'Faggio', 'faggio2', 4000, 'CTZN004F', 'Rentré', '4', '0', '111', '156'),
(148, 'steam:1100001010c774a', 'Faggio', 'faggio2', 4000, 'CTZN774A', 'Rentré', '4', '0', '111', '156'),
(149, 'steam:11000011085dcee', 'Faggio', 'faggio2', 4000, 'CTZNDCEE', 'Rentré', '4', '0', '111', '156'),
(150, 'steam:11000010b32c6b8', 'Prairie', 'prairie', 30000, 'CTZNC6B8', 'Rentré', '36', '0', '89', '156'),
(151, 'steam:11000010979b57c', 'Faggio', 'faggio2', 4000, 'CTZNB57C', 'Rentré', '4', '0', '111', '156'),
(152, 'steam:1100001092fb18d', 'Jester', 'jester', 240000, 'CTZNB18D', 'Rentré', '31', '0', '41', '156'),
(153, 'steam:110000109ea864c', 'Faggio', 'faggio2', 4000, 'CTZN864C', 'Rentré', '4', '0', '111', '156'),
(154, 'steam:110000110c87bea', 'Faggio', 'faggio2', 4000, 'CTZN7BEA', 'Rentré', '4', '0', '111', '156'),
(155, 'steam:110000113e790fe', 'Faggio', 'faggio2', 4000, 'CTZN90FE', 'Rentré', '4', '0', '111', '156'),
(156, 'steam:110000110c87bea', 'Akuma', 'AKUMA', 9000, 'CTZN7BEA', 'Rentré', '88', '88', '88', '156'),
(157, 'steam:11000010769d50a', 'Sultan', 'sultan', 12000, 'CTZND50A', 'Rentré', '0', '0', '10', '156'),
(158, 'steam:110000109ea864c', 'Dukes', 'dukes', 62000, 'CTZN864C', 'Rentré', '29', '120', '29', '156'),
(160, 'steam:110000107c7c378', 'Faggio', 'faggio2', 4000, 'CTZNC378', 'Rentré', '4', '0', '111', '156'),
(161, 'steam:1100001092fb18d', 'Enduro', 'enduro', 48000, 'CTZNB18D', 'Rentré', '27', '0', '28', '156'),
(162, 'steam:1100001199ed8ff', 'Faggio', 'faggio2', 4000, 'CTZND8FF', 'Rentré', '4', '0', '111', '156'),
(163, 'steam:11000010979b57c', 'Bison', 'bison', 30000, 'CTZNB57C', 'Rentré', '61', '0', '26', '156'),
(164, 'steam:110000119633bb2', 'Faggio', 'faggio2', 4000, 'CTZN3BB2', 'Rentré', '4', '0', '111', '156'),
(166, 'steam:110000101cb004f', 'Sentinel XS', 'sentinel2', 60000, 'CTZN004F', 'Rentré', '33', '38', '36', '156'),
(167, 'steam:11000010b1fc830', 'Faggio', 'faggio2', 4000, 'CTZNC830', 'Rentré', '4', '0', '111', '156'),
(168, 'steam:1100001199ed8ff', 'Ruffian', 'ruffian', 9000, 'CTZND8FF', 'Rentré', '38', '0', '89', '38'),
(169, 'steam:11000010734d63c', 'Faggio', 'faggio2', 4000, 'CTZND63C', 'Rentré', '4', '0', '111', '156'),
(170, 'steam:110000101ee14d5', 'Faggio', 'faggio2', 4000, 'CTZN14D5', 'Rentré', '4', '0', '111', '156'),
(171, 'steam:1100001166186bc', 'Faggio', 'faggio2', 4000, 'CTZN86BC', 'Rentré', '4', '0', '111', '156'),
(172, 'steam:11000010769d50a', 'Sultan', 'sultan', 12000, 'CTZND50A', 'Rentré', '1', '1', '5', '156'),
(173, 'steam:11000010b39c496', 'Faggio', 'faggio2', 4000, 'CTZNC496', 'Rentré', '4', '0', '111', '156'),
(174, 'steam:11000011992c33e', 'Faggio', 'faggio2', 4000, 'CTZNC33E', 'Rentré', '4', '0', '111', '156'),
(175, 'steam:11000010192a854', 'Faggio', 'faggio2', 4000, 'CTZNA854', 'Rentré', '4', '0', '111', '156'),
(176, 'steam:110000111575f88', 'Faggio', 'faggio2', 4000, 'CTZN5F88', 'Rentré', '4', '0', '111', '156'),
(177, 'steam:11000010b1b1517', 'Faggio', 'faggio2', 4000, 'CTZN1517', 'Rentré', '4', '0', '111', '156'),
(178, 'steam:110000107a4ba7d', 'Faggio', 'faggio2', 4000, 'CTZNBA7D', 'Rentré', '4', '0', '111', '156'),
(179, 'steam:11000011992c33e', 'Sultan', 'sultan', 12000, 'CTZNC33E', 'Rentré', '65', '65', '68', '156'),
(180, 'steam:11000011992c33e', 'Sultan', 'sultan', 12000, 'CTZNC33E', 'Rentré', '1', '1', '5', '156'),
(181, 'steam:110000102e20a4f', 'Faggio', 'faggio2', 4000, 'CTZN0A4F', 'Rentré', '4', '0', '111', '156'),
(182, 'steam:11000010d751e89', 'Faggio', 'faggio2', 4000, 'CTZN1E89', 'Rentré', '4', '0', '111', '156');

-- --------------------------------------------------------

--
-- Structure de la table `user_weapons`
--

CREATE TABLE `user_weapons` (
  `ID` int(10) NOT NULL,
  `identifier` varchar(30) CHARACTER SET utf8mb4 NOT NULL,
  `weapon_model` varchar(60) CHARACTER SET utf8mb4 NOT NULL,
  `withdraw_cost` int(10) NOT NULL
) ENGINE=InnoDB DEFAULT CHARSET=utf8;

--
-- Contenu de la table `user_weapons`
--

INSERT INTO `user_weapons` (`ID`, `identifier`, `weapon_model`, `withdraw_cost`) VALUES
(1, 'steam:11000010769d50a', 'WEAPON_Hatchet', 8),
(2, 'steam:110000109ea864c', 'WEAPON_Bat', 8),
(3, 'steam:11000010769d50a', 'WEAPON_Hatchet', 8),
(4, 'steam:110000109ea864c', 'WEAPON_Bat', 8),
(5, 'steam:110000109ea864c', 'WEAPON_Bat', 8),
(6, 'steam:110000109ea864c', 'WEAPON_Bat', 8),
(7, 'steam:110000109ea864c', 'WEAPON_Bat', 8),
(8, 'steam:11000010b32c6b8', 'WEAPON_FlareGun', 58),
(9, 'steam:110000101ee14d5', 'WEAPON_Flashlight', 58),
(10, 'steam:110000101ee14d5', 'WEAPON_Knife', 4),
(11, 'steam:110000110c87bea', 'WEAPON_Bat', 8),
(12, 'steam:11000011992c33e', 'WEAPON_Bat', 8),
(13, 'steam:11000011992c33e', 'WEAPON_Knife', 4);

--
-- Index pour les tables exportées
--

--
-- Index pour la table `bans`
--
ALTER TABLE `bans`
  ADD PRIMARY KEY (`id`);

--
-- Index pour la table `coordinates`
--
ALTER TABLE `coordinates`
  ADD PRIMARY KEY (`identifier`);

--
-- Index pour la table `items`
--
ALTER TABLE `items`
  ADD PRIMARY KEY (`id`);

--
-- Index pour la table `jobs`
--
ALTER TABLE `jobs`
  ADD PRIMARY KEY (`job_id`);

--
-- Index pour la table `phonebook`
--
ALTER TABLE `phonebook`
  ADD PRIMARY KEY (`id`);

--
-- Index pour la table `police`
--
ALTER TABLE `police`
  ADD PRIMARY KEY (`police_id`);

--
-- Index pour la table `users`
--
ALTER TABLE `users`
  ADD PRIMARY KEY (`ID`);

--
-- Index pour la table `user_inventory`
--
ALTER TABLE `user_inventory`
  ADD PRIMARY KEY (`user_id`,`item_id`),
  ADD KEY `item_id` (`item_id`);

--
-- Index pour la table `user_vehicle`
--
ALTER TABLE `user_vehicle`
  ADD PRIMARY KEY (`ID`);

--
-- Index pour la table `user_weapons`
--
ALTER TABLE `user_weapons`
  ADD PRIMARY KEY (`ID`);

--
-- AUTO_INCREMENT pour les tables exportées
--

--
-- AUTO_INCREMENT pour la table `bans`
--
ALTER TABLE `bans`
  MODIFY `id` int(10) UNSIGNED NOT NULL AUTO_INCREMENT;
--
-- AUTO_INCREMENT pour la table `items`
--
ALTER TABLE `items`
  MODIFY `id` int(11) UNSIGNED NOT NULL AUTO_INCREMENT, AUTO_INCREMENT=28;
--
-- AUTO_INCREMENT pour la table `jobs`
--
ALTER TABLE `jobs`
  MODIFY `job_id` int(11) NOT NULL AUTO_INCREMENT, AUTO_INCREMENT=14;
--
-- AUTO_INCREMENT pour la table `phonebook`
--
ALTER TABLE `phonebook`
  MODIFY `id` int(11) NOT NULL AUTO_INCREMENT, AUTO_INCREMENT=21;
--
-- AUTO_INCREMENT pour la table `police`
--
ALTER TABLE `police`
  MODIFY `police_id` int(11) NOT NULL AUTO_INCREMENT, AUTO_INCREMENT=9;
--
-- AUTO_INCREMENT pour la table `users`
--
ALTER TABLE `users`
  MODIFY `ID` int(11) NOT NULL AUTO_INCREMENT, AUTO_INCREMENT=124;
--
-- AUTO_INCREMENT pour la table `user_vehicle`
--
ALTER TABLE `user_vehicle`
  MODIFY `ID` int(10) NOT NULL AUTO_INCREMENT, AUTO_INCREMENT=183;
--
-- AUTO_INCREMENT pour la table `user_weapons`
--
ALTER TABLE `user_weapons`
  MODIFY `ID` int(10) NOT NULL AUTO_INCREMENT, AUTO_INCREMENT=14;
--
-- Contraintes pour les tables exportées
--

--
-- Contraintes pour la table `user_inventory`
--
ALTER TABLE `user_inventory`
  ADD CONSTRAINT `user_inventory_ibfk_2` FOREIGN KEY (`item_id`) REFERENCES `items` (`id`);

/*!40101 SET CHARACTER_SET_CLIENT=@OLD_CHARACTER_SET_CLIENT */;
/*!40101 SET CHARACTER_SET_RESULTS=@OLD_CHARACTER_SET_RESULTS */;
/*!40101 SET COLLATION_CONNECTION=@OLD_COLLATION_CONNECTION */;
